name,startDate,endDate,league
James Abdnor,1973,1987,congress
Neil Abercrombie,1985,2011,congress
James Abourezk,1971,1979,congress
Ralph Lee Abraham,2015,2019,congress
Spencer Abraham,1995,2001,congress
Bella S. Abzug,1971,1977,congress
Anibal Acevedo-Vila,2001,2005,congress
Gary L. Ackerman,1983,2013,congress
Alma S. Adams,2014,2019,congress
Brock Adams,1965,1993,congress
Sandy Adams,2011,2013,congress
Joseph P. Addabbo,1961,1987,congress
Robert B. Aderholt,1997,2019,congress
John H. Adler,2009,2011,congress
Pete Aguilar,2015,2019,congress
George Aiken,1941,1975,congress
Daniel K. Akaka,1977,2013,congress
W. Todd Akin,2001,2013,congress
Carl Albert,1947,1977,congress
Donald J. Albosta,1979,1985,congress
Bill Alexander,1969,1993,congress
Lamar Alexander,2003,2019,congress
Rodney Alexander,2003,2013,congress
Wayne Allard,1991,2009,congress
Clifford R. Allen,1975,1979,congress
George Allen,1991,2007,congress
James B. Allen,1973,1979,congress
Maryon Allen,1977,1979,congress
Rick W. Allen,2015,2019,congress
Thomas H. Allen,1997,2009,congress
Jason Altmire,2007,2013,congress
Justin Amash,2011,2019,congress
Jerome A. Ambro,1975,1981,congress
Joseph S. Ammerman,1977,1979,congress
Mark E. Amodei,2011,2019,congress
Glenn M. Anderson,1969,1993,congress
John B. Anderson,1961,1981,congress
Wendell R. Anderson,1977,1979,congress
Ike Andrews,1973,1985,congress
Mark Andrews,1963,1987,congress
Michael Andrews,1983,1995,congress
Robert E. Andrews,1989,2014,congress
Thomas H. Andrews,1991,1995,congress
Frank Annunzio,1965,1993,congress
Beryl Anthony,1979,1993,congress
Douglas Applegate,1977,1995,congress
Bill Archer,1971,2001,congress
Michael A. Arcuri,2007,2011,congress
Leslie C. Arends,1935,1975,congress
Richard K. Armey,1985,2003,congress
William L. Armstrong,1973,1991,congress
Jean Ashbrook,1981,1983,congress
John M. Ashbrook,1961,1983,congress
John Ashcroft,1995,2001,congress
Brad Ashford,2015,2017,congress
Thomas L. Ashley,1955,1981,congress
Les Aspin,1971,1995,congress
Chester G. Atkins,1985,1993,congress
Eugene V. Atkinson,1979,1983,congress
Les AuCoin,1975,1993,congress
Steve Austria,2009,2013,congress
Kelly Ayotte,2011,2017,congress
Brian Babin,2015,2019,congress
Joe Baca,1999,2013,congress
Jim Bacchus,1991,1995,congress
Michele Bachmann,2007,2015,congress
Spencer Bachus,1993,2015,congress
Robert E. Badham,1977,1989,congress
Herman Badillo,1971,1979,congress
Scotty Baesler,1993,1999,congress
Brian Baird,1999,2011,congress
Bill Baker,1993,1997,congress
Howard H. Baker,1973,1985,congress
LaMar Baker,1971,1975,congress
Richard H. Baker,1987,2008,congress
John Elias Baldacci,1995,2003,congress
Alvin J. Baldus,1975,1981,congress
Tammy Baldwin,1999,2019,congress
Frank W. Ballance,2003,2004,congress
Cass Ballenger,1985,2005,congress
Ron Barber,2012,2015,congress
Peter Barca,1993,1995,congress
James A. Barcia,1993,2003,congress
Dean M. Barkley,2002,2003,congress
Lou Barletta,2011,2019,congress
Tom Barlow,1993,1995,congress
Doug Barnard,1977,1993,congress
Michael D. Barnes,1979,1987,congress
Andy Barr,2013,2019,congress
Bob Barr,1995,2003,congress
John Barrasso,2007,2019,congress
Bill Barrett,1991,2001,congress
J. Gresham Barrett,2003,2011,congress
Thomas M. Barrett,1993,2003,congress
William A. Barrett,1945,1977,congress
John Barrow,2005,2015,congress
Dewey F. Bartlett,1973,1979,congress
Roscoe G. Bartlett,1993,2013,congress
Steve Bartlett,1983,1993,congress
Joe Barton,1985,2019,congress
Charles F. Bass,1995,2013,congress
Karen Bass,2011,2019,congress
Herbert H. Bateman,1983,2001,congress
Jim Bates,1983,1991,congress
Max Baucus,1975,2014,congress
Robert E. Bauman,1973,1981,congress
Birch Bayh,1971,1981,congress
Evan Bayh,1999,2011,congress
J. Glenn Beall,1969,1977,congress
Melissa L. Bean,2005,2011,congress
Edward Beard,1975,1981,congress
Robin Beard,1973,1983,congress
Joyce Beatty,2013,2019,congress
Bob Beauprez,2003,2007,congress
Xavier Becerra,1993,2017,congress
Berkley W. Bedell,1975,1987,congress
Mark Begich,2009,2015,congress
Anthony C. Beilenson,1977,1997,congress
Alphonzo Bell,1961,1977,congress
Chris Bell,2003,2005,congress
Henry L. Bellmon,1973,1981,congress
Dan Benishek,2011,2017,congress
Jamie Benitez,1973,1977,congress
Michael F. Bennet,2009,2019,congress
Charles E. Bennett,1949,1993,congress
Robert F. Bennett,1993,2011,congress
Wallace F. Bennett,1951,1975,congress
Kerry L. Bentivolio,2013,2015,congress
Helen Delich Bentley,1985,1995,congress
Ken Bentsen,1995,2003,congress
Lloyd M. Bentsen,1947,1993,congress
Ami Bera,2013,2019,congress
Doug Bereuter,1979,2004,congress
Rick Berg,2011,2013,congress
Bob Bergland,1971,1979,congress
Shelley Berkley,1999,2013,congress
Howard L. Berman,1983,2013,congress
Marion Berry,1997,2011,congress
Tom Bevill,1967,1997,congress
Donald S. Beyer,2015,2019,congress
Mario Biaggi,1969,1989,congress
Alan Bible,1953,1975,congress
Joseph R. Biden,1973,2009,congress
Edward G. Biester,1967,1977,congress
Judy Biggert,1999,2013,congress
Brian P. Bilbray,1995,2013,congress
James H. Bilbray,1987,1995,congress
Gus M. Bilirakis,2007,2019,congress
Michael Bilirakis,1983,2007,congress
Jeff Bingaman,1983,2013,congress
Jonathan B. Bingham,1965,1983,congress
Mike Bishop,2015,2019,congress
Rob Bishop,2003,2019,congress
Sanford D. Bishop,1993,2019,congress
Timothy H. Bishop,2003,2015,congress
Diane Black,2011,2019,congress
Ben Blackburn,1967,1975,congress
Marsha Blackburn,2003,2019,congress
Lucien E. Blackwell,1991,1995,congress
Rod R. Blagojevich,1997,2003,congress
James Blanchard,1975,1983,congress
John Anton Blatnik,1947,1975,congress
Ben G. Blaz,1985,1993,congress
Tom Bliley,1981,2001,congress
Michael Blouin,1975,1979,congress
Rod Blum,2015,2019,congress
Earl Blumenauer,1995,2019,congress
Richard Blumenthal,2011,2019,congress
Roy Blunt,1997,2019,congress
Peter I. Blute,1993,1997,congress
John A. Boccieri,2009,2011,congress
Sherwood Boehlert,1983,2007,congress
John A. Boehner,1991,2015,congress
Corinne C. (Lindy) Boggs,1973,1991,congress
Edward P. Boland,1953,1989,congress
Richard Bolling,1949,1983,congress
Suzanne Bonamici,2012,2019,congress
Christopher S. Bond,1987,2011,congress
William H. Boner,1979,1989,congress
Henry Bonilla,1993,2007,congress
David E. Bonior,1977,2003,congress
Don Bonker,1975,1989,congress
Jo Bonner,2003,2013,congress
Mary Bono Mack,1997,2013,congress
Sonny Bono,1995,1999,congress
Cory A. Booker,2013,2019,congress
John Boozman,2001,2019,congress
Madeleine Z. Bordallo,2003,2019,congress
Dan Boren,2005,2013,congress
David L. Boren,1979,1995,congress
Robert A. Borski,1983,2003,congress
Rudy Boschwitz,1979,1991,congress
Douglas H. Bosco,1983,1991,congress
Mike Bost,2015,2019,congress
Leonard L. Boswell,1997,2013,congress
Rick Boucher,1983,2011,congress
Beau Boulter,1985,1989,congress
Charles W. Boustany,2005,2017,congress
David R. Bowen,1973,1983,congress
Barbara Boxer,1983,2017,congress
Allen Boyd,1997,2011,congress
Nancy E. Boyda,2007,2009,congress
Brendan F. Boyle,2015,2019,congress
John Brademas,1959,1981,congress
Bill Bradley,1979,1997,congress
Jeb Bradley,2003,2007,congress
Kevin Brady,1997,2019,congress
Nicholas Brady,1981,1983,congress
Robert A. Brady,1997,2019,congress
Bruce L. Braley,2007,2015,congress
Frank Brasco,1967,1975,congress
Dave Brat,2014,2019,congress
Mike Braun,2019,2019,congress
William G. Bray,1951,1975,congress
John B. Breaux,1971,2005,congress
Joseph E. Brennan,1987,1991,congress
Bill K. Brewster,1991,1997,congress
Jim Bridenstine,2013,2018,congress
Bobby Bright,2009,2011,congress
Jack Brinkley,1967,1983,congress
Robin Britt,1983,1985,congress
Bill Brock,1963,1977,congress
William Brodhead,1975,1983,congress
Edward W. Brooke,1973,1979,congress
Jack B. Brooks,1953,1995,congress
Mo Brooks,2011,2019,congress
Susan W. Brooks,2013,2019,congress
William S. Broomfield,1957,1993,congress
Donald G. Brotzman,1963,1975,congress
Paul C. Broun,2007,2015,congress
Glen Browder,1989,1997,congress
Clarence Brown,1965,1983,congress
Corrine Brown,1993,2017,congress
Garry E. Brown,1967,1979,congress
George E. Brown,1963,2001,congress
Hank Brown,1981,1997,congress
Henry E. Brown,2001,2011,congress
Scott P. Brown,2010,2013,congress
Sherrod Brown,1993,2019,congress
Ginny Brown-Waite,2003,2011,congress
Sam Brownback,1995,2011,congress
Julia Brownley,2013,2019,congress
Joel T. Broyhill,1953,1975,congress
Terry L. Bruce,1985,1993,congress
Richard H. Bryan,1989,2001,congress
Ed Bryant,1995,2003,congress
John W. Bryant,1983,1997,congress
John Buchanan,1965,1981,congress
Vern Buchanan,2007,2019,congress
Ken Buck,2015,2019,congress
James L. Buckley,1973,1977,congress
Larry Bucshon,2011,2019,congress
Jack Buechner,1987,1991,congress
Ann Marie Buerkle,2011,2013,congress
Dale Bumpers,1975,1999,congress
Jim Bunn,1995,1997,congress
Jim Bunning,1987,2011,congress
Joycelyn Burdick,1991,1993,congress
Quentin N. Burdick,1959,1993,congress
Clair W. Burgener,1973,1983,congress
Michael C. Burgess,2003,2019,congress
J. Herbert Burke,1967,1979,congress
James A. Burke,1959,1979,congress
Yvonne B. Burke,1973,1979,congress
Omar Burleson,1947,1979,congress
Bill D. Burlison,1969,1981,congress
Conrad R. Burns,1989,2007,congress
Max Burns,2003,2005,congress
Richard Burr,1995,2019,congress
Roland Burris,2009,2010,congress
Dan Burton,1983,2013,congress
John Burton,1973,1983,congress
Sala Burton,1983,1989,congress
Albert G. Bustamante,1985,1993,congress
Cheri Bustos,2013,2019,congress
M. Caldwell Butler,1971,1983,congress
G. K. Butterfield,2004,2019,congress
Steve Buyer,1993,2011,congress
Harry F. Byrd,1973,1983,congress
Robert C. Byrd,1953,2010,congress
Bradley Byrne,2014,2019,congress
Leslie L. Byrne,1993,1995,congress
Beverly B. Byron,1979,1993,congress
Goodloe E. Byron,1971,1979,congress
Sonny Callahan,1985,2003,congress
Ken Calvert,1993,2019,congress
Dave Camp,1991,2015,congress
John N. Happy Camp,1969,1975,congress
Ben Nighthorse Campbell,1987,2005,congress
Carroll A. Campbell,1979,1987,congress
John Campbell,2005,2015,congress
Tom Campbell,1989,2001,congress
Charles T. Canady,1993,2001,congress
Chris Cannon,1997,2009,congress
Howard W. Cannon,1959,1983,congress
"Francisco ""Quico"" Canseco",2011,2013,congress
Eric Cantor,2001,2014,congress
Maria Cantwell,1993,2019,congress
"Anh ""Joseph"" Cao",2009,2011,congress
Shelley Moore Capito,2001,2019,congress
Lois Capps,1997,2017,congress
Walter Capps,1997,1999,congress
Michael E. Capuano,1999,2019,congress
Bruce F. Caputo,1977,1979,congress
Tony Cardenas,2013,2019,congress
Benjamin L. Cardin,1987,2019,congress
Dennis A. Cardoza,2003,2012,congress
Hugh L. Carey,1961,1975,congress
Gregory W. Carman,1981,1983,congress
Jean Carnahan,2001,2002,congress
Russ Carnahan,2005,2013,congress
Charles J. Carney,1969,1979,congress
Christopher P. Carney,2007,2011,congress
John C. Carney,2011,2017,congress
William Carney,1979,1987,congress
Thomas R. Carper,1983,2019,congress
Bob Carr,1975,1995,congress
Andre Carson,2008,2019,congress
Brad Carson,2001,2005,congress
Julia Carson,1997,2007,congress
"Earl L. ""Buddy"" Carter",2015,2019,congress
John R. Carter,2003,2019,congress
Tim Lee Carter,1965,1981,congress
Matt Cartwright,2013,2019,congress
Clifford P. Case,1945,1979,congress
Ed Case,2002,2019,congress
Bob Casey,1959,1977,congress
Robert P. Casey,2007,2019,congress
Bill Cassidy,2009,2019,congress
Michael N. Castle,1993,2011,congress
Kathy Castor,2007,2019,congress
Joaquin Castro,2013,2019,congress
Donald J. Cazayoux,2008,2009,congress
Elford A. Cederberg,1953,1979,congress
Steve Chabot,1995,2019,congress
John H. Chafee,1977,1999,congress
Lincoln Chafee,1999,2007,congress
Jason Chaffetz,2009,2017,congress
Charles E. Chamberlain,1957,1975,congress
Saxby Chambliss,1995,2015,congress
Ben Chandler,2004,2013,congress
Rod D. Chandler,1983,1993,congress
Jim Chapman,1985,1997,congress
Bill Chappell,1969,1989,congress
Eugene A. Chappie,1981,1987,congress
Liz Cheney,2017,2019,congress
Helen Chenoweth-Hage,1995,2001,congress
Jeff Chiesa,2013,2013,congress
Travis Childers,2008,2011,congress
Lawton Chiles,1973,1989,congress
Shirley Chisholm,1969,1983,congress
Chris Chocola,2003,2007,congress
Donna M. Christensen,1997,2015,congress
Jon Christensen,1995,1999,congress
Dick Chrysler,1995,1997,congress
Judy Chu,2009,2019,congress
Frank Church,1973,1981,congress
David N. Cicilline,2011,2019,congress
Donald D. Clancy,1961,1977,congress
Dick Clark,1973,1979,congress
Frank M. Clark,1955,1975,congress
Katherine M. Clark,2013,2019,congress
Hansen Clarke,2011,2013,congress
James McC. Clarke,1983,1991,congress
Yvette D. Clarke,2007,2019,congress
Don H. Clausen,1963,1983,congress
Curt Clawson,2014,2017,congress
Del Clawson,1963,1979,congress
William (Bill) Clay,1969,2001,congress
Wm. Lacy Clay,2001,2019,congress
Eva M. Clayton,1991,2003,congress
Emanuel Cleaver,2005,2019,congress
Max Cleland,1997,2003,congress
Bob Clement,1987,2003,congress
James C. Cleveland,1963,1981,congress
William F. Clinger,1979,1997,congress
Hillary Rodham Clinton,2001,2009,congress
James E. Clyburn,1993,2019,congress
Daniel Coats,1981,2017,congress
William W. Cobey,1985,1987,congress
Howard Coble,1985,2015,congress
Tom Coburn,1995,2015,congress
Thad Cochran,1973,2018,congress
Anthony Lee Coelho,1979,1991,congress
Mike Coffman,2009,2019,congress
Steve Cohen,2007,2019,congress
William S. Cohen,1973,1997,congress
Tom Cole,2003,2019,congress
E. Thomas Coleman,1977,1993,congress
Norm Coleman,2003,2009,congress
Ronald D. Coleman,1983,1997,congress
Harold R. Collier,1957,1975,congress
Barbara-Rose Collins,1991,1997,congress
Cardiss Collins,1973,1997,congress
Chris Collins,2013,2019,congress
Doug Collins,2013,2019,congress
James M. Collins,1967,1983,congress
Mac Collins,1993,2005,congress
Susan M. Collins,1997,2019,congress
Antonio Colordao,1991,1993,congress
Larry Combest,1985,2003,congress
Barbara Comstock,2015,2019,congress
Barber B. Conable,1965,1985,congress
K. Michael Conaway,2005,2019,congress
Gary A. Condit,1989,2003,congress
Gerald E. Connolly,2009,2019,congress
Kent Conrad,1987,2013,congress
Silvio O. Conte,1959,1993,congress
John Conyers,1965,2017,congress
Marlow W. Cook,1973,1975,congress
Merrill Cook,1997,2001,congress
Paul Cook,2013,2019,congress
John Cooksey,1997,2003,congress
Wes Cooley,1995,1997,congress
Christopher A. Coons,2010,2019,congress
Jim Cooper,1983,2019,congress
Sam Coppersmith,1993,1995,congress
Tom Corcoran,1977,1985,congress
Bob Corker,2007,2019,congress
James C. Corman,1961,1981,congress
Robert J. Cornell,1975,1979,congress
John Cornyn,2002,2019,congress
Baltasar Corrada,1977,1987,congress
Catherine Cortez Masto,2017,2019,congress
Jon S. Corzine,2001,2006,congress
Jim Costa,2005,2019,congress
Jerry F. Costello,1987,2013,congress
Ryan A. Costello,2015,2019,congress
William R. Cotter,1971,1983,congress
Norris Cotton,1947,1977,congress
Tom Cotton,2013,2019,congress
Lawrence Coughlin,1969,1993,congress
Jim Courter,1979,1991,congress
Joe Courtney,2007,2019,congress
Paul Coverdell,1993,2000,congress
William M. Cowan,2013,2013,congress
Christopher Cox,1989,2007,congress
John W. Cox,1991,1993,congress
James K. Coyne,1981,1983,congress
William J. Coyne,1981,2003,congress
Larry E. Craig,1981,2009,congress
Kevin Cramer,2013,2019,congress
Robert E. (Bud) Cramer,1991,2009,congress
Philip M. Crane,1969,2005,congress
Alan Cranston,1973,1993,congress
Mike Crapo,1993,2019,congress
Chip Cravaack,2011,2013,congress
"Eric A. ""Rick"" Crawford",2011,2019,congress
Frank A. Cremeans,1995,1997,congress
Ander Crenshaw,2001,2017,congress
Mark S. Critz,2010,2013,congress
George W. Crockett,1979,1991,congress
Paul W. Cronin,1973,1975,congress
Joseph Crowley,1999,2019,congress
Ted Cruz,2013,2019,congress
Barbara Cubin,1995,2009,congress
Henry Cuellar,2005,2019,congress
John Abney Culberson,2001,2019,congress
John C. Culver,1965,1981,congress
Elijah E. Cummings,1995,2019,congress
John E. (Jack) Cunningham,1977,1979,congress
Randy (Duke) Cunningham,1991,2007,congress
Carlos Curbelo,2015,2019,congress
David Alan Curson,2012,2013,congress
Carl T. Curtis,1939,1979,congress
Alfonse D'Amato,1981,1999,congress
Norman E. D'Amours,1975,1985,congress
Kathleen A. Dahlkemper,2009,2011,congress
Steve Daines,2013,2019,congress
John C. Danforth,1977,1995,congress
W. C. (Dan) Daniel,1969,1989,congress
Dominick V. Daniels,1959,1977,congress
George E. Danielson,1971,1983,congress
William E. Dannemeyer,1979,1993,congress
Pat Danner,1993,2001,congress
George (Buddy) Darden,1983,1995,congress
Thomas A. Daschle,1979,2005,congress
Hal Daub,1981,1989,congress
Artur Davis,2003,2011,congress
Danny K. Davis,1997,2019,congress
David Davis,2007,2009,congress
Geoff Davis,2005,2012,congress
Glenn R. Davis,1947,1975,congress
Jack Davis,1987,1989,congress
Jim Davis,1997,2007,congress
Jo Ann Davis,2001,2007,congress
John W. Davis,1961,1975,congress
Lincoln Davis,2003,2011,congress
Mendel J. Davis,1971,1981,congress
Robert W. Davis,1979,1993,congress
Rodney Davis,2013,2019,congress
Susan A. Davis,2001,2019,congress
Tom Davis,1995,2008,congress
Mark Dayton,2001,2007,congress
E. de la Garza,1965,1997,congress
Ron de Lugo,1973,1995,congress
Nathan Deal,1993,2010,congress
Joel Deckard,1979,1983,congress
Dennis DeConcini,1977,1995,congress
Peter A. DeFazio,1987,2019,congress
Diana DeGette,1997,2019,congress
Bill Delahunt,1997,2011,congress
James J. Delaney,1945,1979,congress
John K. Delaney,2013,2019,congress
Rosa L. DeLauro,1991,2019,congress
Tom DeLay,1985,2007,congress
Suzan K. DelBene,2012,2019,congress
John Dellenback,1967,1975,congress
Ronald V. Dellums,1971,1999,congress
Jim DeMint,1999,2013,congress
Jeff Denham,2011,2019,congress
Frank E. Denholm,1971,1975,congress
David W. Dennis,1969,1975,congress
Charles W. Dent,2005,2018,congress
John H. Dent,1957,1979,congress
Jeremiah Denton,1981,1987,congress
Butler C. Derrick,1975,1995,congress
Edward J. Derwinski,1959,1983,congress
Ron DeSantis,2013,2018,congress
Mark DeSaulnier,2015,2019,congress
Scott DesJarlais,2011,2019,congress
Theodore E. Deutch,2010,2019,congress
Peter Deutsch,1993,2005,congress
Samuel L. Devine,1959,1981,congress
Mike DeWine,1983,2007,congress
Lincoln Diaz-Balart,1993,2011,congress
Mario Diaz-Balart,2003,2019,congress
Jay Dickey,1993,2001,congress
William L. Dickinson,1965,1993,congress
Norman D. Dicks,1977,2013,congress
Charles C. Diggs,1955,1981,congress
Debbie Dingell,2015,2019,congress
John D. Dingell,1955,2015,congress
Joseph J. DioGuardi,1985,1989,congress
Alan J. Dixon,1981,1993,congress
Julian C. Dixon,1979,2003,congress
Charles K. Djou,2010,2011,congress
Christopher J. Dodd,1975,2011,congress
Lloyd Doggett,1995,2019,congress
Robert J. Dold,2011,2017,congress
Elizabeth Dole,2003,2009,congress
Robert J. Dole,1961,1997,congress
Pete V. Domenici,1973,2009,congress
Peter H. Dominick,1961,1975,congress
Brian J. Donnelly,1979,1993,congress
Joe Donnelly,2007,2019,congress
Daniel M. Donovan,2015,2019,congress
Calvin M. Dooley,1991,2005,congress
John T. Doolittle,1991,2009,congress
Byron L. Dorgan,1981,2011,congress
William Jennings Bryan Dorn,1947,1975,congress
Robert K. Dornan,1977,1997,congress
Chuck Douglas,1989,1991,congress
Wayne Dowdy,1981,1989,congress
Thomas J. Downey,1975,1993,congress
Thomas N. Downing,1959,1977,congress
Michael F. Doyle,1995,2019,congress
Thelma D. Drake,2005,2009,congress
David Dreier,1981,2013,congress
Steve Driehaus,2009,2011,congress
Robert F. Drinan,1971,1981,congress
Tammy Duckworth,2013,2019,congress
Sean P. Duffy,2011,2019,congress
Jeff Duncan,2011,2019,congress
John J. Duncan,1965,1989,congress
John J. Duncan,1987,2019,congress
Robert B. Duncan,1963,1981,congress
Jennifer Dunn,1993,2005,congress
Jim Dunn,1981,1983,congress
Richard J. Durbin,1983,2019,congress
Dave Durenberger,1977,1995,congress
John A. Durkin,1975,1981,congress
Bernard J. Dwyer,1981,1993,congress
Mervyn M. Dymally,1981,1993,congress
Roy Dyson,1981,1991,congress
Thomas F. Eagleton,1967,1987,congress
Joseph D. Early,1975,1993,congress
John P. East,1981,1987,congress
James O. Eastland,1941,1979,congress
Dennis E. Eckart,1981,1993,congress
Fred J. Eckert,1985,1987,congress
Bob Eckhardt,1967,1981,congress
Robert W. Edgar,1975,1987,congress
Chet Edwards,1991,2011,congress
Don Edwards,1963,1995,congress
Donna F. Edwards,2008,2017,congress
Jack Edwards,1965,1985,congress
John Edwards,1999,2005,congress
Mickey Edwards,1977,1993,congress
Vernon J. Ehlers,1993,2011,congress
Robert L. Ehrlich,1995,2003,congress
Joshua Eilberg,1967,1979,congress
Keith Ellison,2007,2019,congress
Renee L. Ellmers,2011,2017,congress
Brad Ellsworth,2007,2011,congress
Rahm Emanuel,2003,2009,congress
Bill Emerson,1981,1997,congress
Jo Ann Emerson,1997,2013,congress
David F. Emery,1975,1983,congress
Tom Emmer,2015,2019,congress
Eliot L. Engel,1989,2019,congress
Karan English,1993,1995,congress
Phil English,1995,2009,congress
John Ensign,1995,2011,congress
William L. Enyart,2013,2015,congress
Michael B. Enzi,1997,2019,congress
Arlen Erdahl,1979,1983,congress
Ben Erdreich,1983,1993,congress
John N. Erlenborn,1965,1985,congress
Joni Ernst,2015,2019,congress
Allen E. Ertel,1977,1983,congress
Sam J. Ervin,1945,1975,congress
Marvin L. Esch,1967,1977,congress
Edwin D. Eshleman,1967,1977,congress
Anna G. Eshoo,1993,2019,congress
Elizabeth H. Esty,2013,2019,congress
Bob Etheridge,1997,2011,congress
Billy Lee Evans,1977,1983,congress
Daniel J. Evans,1983,1989,congress
David W. Evans,1975,1983,congress
Frank E. Evans,1965,1979,congress
Lane Evans,1983,2007,congress
Melvin H. Evans,1979,1981,congress
Terry Everett,1993,2009,congress
Joe L. Evins,1947,1977,congress
Thomas W. Ewing,1991,2001,congress
J. James Exon,1979,1997,congress
Lauch Faircloth,1993,1999,congress
Eni F. H. Faleomavaega,1989,2015,congress
Mary Fallin,2007,2011,congress
Paul J. Fannin,1973,1977,congress
Blake Farenthold,2011,2018,congress
Sam Farr,1993,2017,congress
Dante B. Fascell,1955,1993,congress
Chaka Fattah,1995,2016,congress
Walter E. Fauntroy,1971,1991,congress
Harris W. Fawell,1985,1999,congress
Vic Fazio,1979,1999,congress
Tom Feeney,2003,2009,congress
Edward F. Feighan,1983,1993,congress
Russell D. Feingold,1993,2011,congress
Dianne Feinstein,1992,2019,congress
Millicent H. Fenwick,1975,1983,congress
Mike Ferguson,2001,2009,congress
Geraldine A. Ferraro,1979,1985,congress
Bobbi Fiedler,1981,1987,congress
Cleo Fields,1993,1997,congress
Jack Fields,1981,1997,congress
Bob Filner,1993,2013,congress
Stephen Lee Fincher,2011,2017,congress
Paul Findley,1961,1983,congress
Eric D. Fingerhut,1993,1995,congress
Deb Fischer,2013,2019,congress
Hamilton Fish,1969,1995,congress
Joesph L. Fisher,1975,1981,congress
O. C. Fisher,1943,1975,congress
Floyd J. Fithian,1975,1983,congress
Peter Fitzgerald,1999,2005,congress
Michael G. Fitzpatrick,2005,2017,congress
Floyd H. Flake,1987,1999,congress
Jeff Flake,2001,2019,congress
Michael Patrick Flanagan,1995,1997,congress
"Charles J. ""Chuck"" Fleischmann",2011,2019,congress
John Fleming,2009,2017,congress
Ernie Fletcher,1999,2003,congress
Ronnie G. Flippo,1977,1991,congress
Daniel J. Flood,1945,1981,congress
Bill Flores,2011,2019,congress
James J. Florio,1975,1991,congress
Walter Flowers,1969,1979,congress
John J. Flynt,1953,1979,congress
Thomas M. Foglietta,1981,1999,congress
Mark Foley,1995,2007,congress
Thomas S. Foley,1965,1995,congress
Hiram L. Fong,1969,1977,congress
J. Randy Forbes,2001,2017,congress
Michael P. Forbes,1995,2001,congress
Harold E. Ford,1975,1997,congress
Harold E. Ford,1997,2007,congress
Wendell H. Ford,1975,1999,congress
William D. Ford,1965,1995,congress
Jeff Fortenberry,2005,2019,congress
Luis G. Fortuno,2005,2009,congress
Vito Fossella,1997,2009,congress
Bill Foster,2008,2019,congress
L. H. Fountain,1953,1983,congress
Tillie Fowler,1993,2001,congress
Wyche Fowler,1977,1993,congress
Jon D. Fox,1995,1999,congress
Virginia Foxx,2005,2019,congress
Sheila Frahm,1995,1997,congress
Barney Frank,1981,2013,congress
Lois Frankel,2013,2019,congress
Al Franken,2009,2018,congress
William W. Franklin,1983,1987,congress
Bob Franks,1993,2001,congress
Gary A. Franks,1991,1997,congress
Trent Franks,2003,2017,congress
Donald M. Fraser,1963,1979,congress
Victor O. Frazer,1995,1997,congress
Peter H. B. Frelinghuysen,1953,1975,congress
Rodney P. Frelinghuysen,1995,2019,congress
Bill Frenzel,1971,1991,congress
Lou Frey,1969,1979,congress
Dan Frisa,1995,1997,congress
William H. Frist,1995,2007,congress
Harold V. Froehlich,1973,1975,congress
Martin Frost,1979,2005,congress
Marcia L. Fudge,2008,2019,congress
James Fulbright,1943,1975,congress
Richard Fulton,1963,1977,congress
David Funderburk,1995,1997,congress
Don Fuqua,1963,1987,congress
Elizabeth Furse,1993,1999,congress
Jamie B. Fuster,1985,1993,congress
Tulsi Gabbard,2013,2019,congress
Elton Gallegly,1987,2013,congress
Pete P. Gallego,2013,2015,congress
Ruben Gallego,2015,2019,congress
Dean A. Gallo,1985,1995,congress
Robert A. Gammage,1977,1979,congress
Greg Ganske,1995,2003,congress
John Garamendi,2009,2019,congress
Joe Garcia,2013,2015,congress
Robert Garcia,1977,1991,congress
Cory Gardner,2011,2019,congress
E. J. (Jake) Garn,1975,1993,congress
Scott Garrett,2003,2017,congress
Joseph M. Gaydos,1967,1993,congress
Sam Gejdenson,1981,2001,congress
George W. Gekas,1983,2003,congress
Richard A. Gephardt,1977,2005,congress
Pete Geren,1989,1997,congress
Jim Gerlach,2003,2015,congress
Tom S. Gettys,1963,1975,congress
Robert N. Giaimo,1959,1981,congress
Jim Gibbons,1997,2007,congress
Sam Gibbons,1963,1997,congress
Bob Gibbs,2011,2019,congress
Christopher P. Gibson,2011,2017,congress
Gabrielle Giffords,2007,2012,congress
Wayne T. Gilchrest,1991,2009,congress
Kirsten E. Gillibrand,2007,2019,congress
Paul E. Gillmor,1989,2007,congress
Benjamin A. Gilman,1973,2003,congress
Phil Gingrey,2003,2015,congress
Newt Gingrich,1979,1999,congress
Bo Ginn,1973,1983,congress
John H. Glenn,1975,1999,congress
Dan Glickman,1977,1995,congress
Louie Gohmert,2005,2019,congress
Barry Goldwater,1953,1987,congress
Barry Goldwater,1969,1983,congress
Charles A. Gonzalez,1999,2013,congress
Henry B. Gonzalez,1961,1999,congress
Virgil H. Goode,1997,2009,congress
Bob Goodlatte,1993,2019,congress
William F. Goodling,1973,2001,congress
Bart Gordon,1985,2011,congress
Albert Gore,1977,1993,congress
Slade Gorton,1981,2001,congress
Paul A. Gosar,2011,2019,congress
Porter J. Goss,1989,2004,congress
Trey Gowdy,2011,2019,congress
Willis D. Gradison,1975,1995,congress
Bob Graham,1987,2005,congress
Gwen Graham,2015,2017,congress
Lindsey Graham,1995,2019,congress
Phil Gramm,1979,2002,congress
Rod Grams,1993,2001,congress
Fred Grandy,1987,1995,congress
Kay Granger,1997,2019,congress
Bill Grant,1987,1991,congress
Chuck Grassley,1975,2019,congress
Ella T. Grasso,1971,1975,congress
Mike Gravel,1971,1981,congress
Garret Graves,2015,2019,congress
Sam Graves,2001,2019,congress
Tom Graves,2010,2019,congress
Kenneth J. Gray,1955,1989,congress
William H. Gray,1979,1993,congress
Alan Grayson,2009,2017,congress
Al Green,2005,2019,congress
Edith Green,1955,1975,congress
Gene Green,1993,2019,congress
Mark Green,1999,2007,congress
S. William Green,1977,1993,congress
William J. Green,1963,1977,congress
James C. Greenwood,1993,2005,congress
Judd Gregg,1981,2011,congress
Robert P. Griffin,1957,1979,congress
Tim Griffin,2011,2015,congress
H. Morgan Griffith,2011,2019,congress
Parker Griffith,2009,2011,congress
Martha W. Griffiths,1955,1975,congress
Raul M. Grijalva,2003,2019,congress
Michael G. Grimm,2011,2015,congress
John E. Grotberg,1985,1987,congress
Glenn Grothman,2015,2019,congress
Felix J. Grucci,2001,2003,congress
Frank J. Guarini,1979,1993,congress
Charles S. Gubser,1953,1975,congress
Gilbert Gude,1967,1977,congress
Frank C. Guinta,2011,2017,congress
Steve Gunderson,1981,1997,congress
Bill Gunter,1973,1975,congress
Edward J. Gurney,1963,1975,congress
Brett Guthrie,2009,2019,congress
Luis V. Gutierrez,1993,2019,congress
Gil Gutknecht,1995,2007,congress
Tennyson Guyer,1973,1983,congress
Kay R. Hagan,2009,2015,congress
Thomas M. Hagedorn,1975,1983,congress
Chuck Hagel,1997,2009,congress
Janice Hahn,2011,2017,congress
James A. Haley,1953,1977,congress
John J. Hall,2007,2011,congress
Katie Hall,1981,1985,congress
Ralph M. Hall,1981,2015,congress
Sam B. Hall,1975,1987,congress
Tim L. Hall,1975,1977,congress
Tony P. Hall,1979,2002,congress
Deborah L. Halvorson,2009,2011,congress
Dan Hamburg,1993,1995,congress
Lee H. Hamilton,1965,1999,congress
John P. Hammerschmidt,1967,1993,congress
Colleen Hanabusa,2011,2019,congress
Mel Hancock,1989,1997,congress
James M. Hanley,1965,1981,congress
Richard L. Hanna,2011,2017,congress
Richard T. Hanna,1963,1975,congress
Mark W. Hannaford,1975,1979,congress
Robert P. Hanrahan,1973,1975,congress
Clifford P. Hansen,1971,1979,congress
George V. Hansen,1965,1985,congress
James V. Hansen,1981,2003,congress
Julia Butler Hansen,1959,1975,congress
Orval Hansen,1969,1975,congress
Cresent Hardy,2015,2017,congress
Phil Hare,2007,2011,congress
Tom Harkin,1975,2015,congress
Jane Harman,1993,2011,congress
Gregg Harper,2009,2019,congress
Michael J. Harrington,1969,1979,congress
Andy Harris,2011,2019,congress
Claude Harris,1987,1993,congress
Herbert E. Harris,1975,1981,congress
Kamala D. Harris,2017,2019,congress
Katherine Harris,2003,2007,congress
William H. Harsha,1961,1981,congress
Gary W. Hart,1975,1987,congress
Melissa A. Hart,2001,2007,congress
Philip A. Hart,1967,1977,congress
Vance Hartke,1959,1977,congress
Thomas F. Hartnett,1981,1987,congress
Vicky Hartzler,2011,2019,congress
Floyd K. Haskell,1973,1979,congress
Margaret Wood Hassan,2017,2019,congress
J. Dennis Hastert,1987,2007,congress
Alcee L. Hastings,1993,2019,congress
Doc Hastings,1995,2015,congress
James F. Hastings,1969,1977,congress
Orrin G. Hatch,1977,2019,congress
Charles Hatcher,1981,1993,congress
Mark O. Hatfield,1967,1997,congress
Paul Hatfield,1977,1979,congress
William D. Hathaway,1965,1979,congress
Augustus F. Hawkins,1963,1991,congress
Paula Hawkins,1981,1987,congress
Josh Hawley,2019,2019,congress
Samuel Ichiye Hayakawa,1977,1983,congress
Charles A. Hayes,1983,1993,congress
James A. Hayes,1987,1997,congress
Philip H. Hayes,1975,1977,congress
Robin Hayes,1999,2009,congress
Wayne L. Hays,1949,1977,congress
J. D. Hayworth,1995,2007,congress
Nan A. S. Hayworth,2011,2013,congress
F. Edward Hebert,1941,1977,congress
Ken Hechler,1959,1977,congress
Chic Hecht,1983,1989,congress
Denny Heck,2013,2019,congress
Joseph J. Heck,2011,2017,congress
Margaret M. Heckler,1967,1983,congress
Joel Hefley,1987,2007,congress
Howell Heflin,1979,1997,congress
W. G. (Bill) Hefner,1975,1999,congress
Cecil Heftel,1977,1987,congress
Frederick K. (Fred) Heineman,1995,1997,congress
Martin Heinrich,2009,2019,congress
John Heinz,1971,1993,congress
Heidi Heitkamp,2013,2019,congress
Dean Heller,2007,2019,congress
Jesse Helms,1973,2003,congress
Henry Helstoski,1965,1977,congress
David N. Henderson,1961,1977,congress
Bill Hendon,1981,1987,congress
Paul B. Henry,1985,1995,congress
Jeb Hensarling,2003,2019,congress
Wally Herger,1987,2013,congress
Jaime Herrera Beutler,2011,2019,congress
Stephanie Herseth Sandlin,2004,2011,congress
Dennis M. Hertel,1981,1993,congress
Jody B. Hice,2015,2019,congress
Floyd V. Hicks,1965,1977,congress
Brian Higgins,2005,2019,congress
Jack E. Hightower,1975,1985,congress
John Patrick Hiler,1981,1991,congress
Baron P. Hill,1999,2011,congress
J. French Hill,2015,2019,congress
Rick Hill,1997,2001,congress
Van Hilleary,1995,2003,congress
Earl F. Hilliard,1993,2003,congress
Elwood H. Hillis,1971,1987,congress
James A. Himes,2009,2019,congress
Maurice D. Hinchey,1993,2013,congress
Ruben Hinojosa,1997,2017,congress
Andrew J. Hinshaw,1973,1977,congress
Jon C. Hinson,1979,1983,congress
Mazie K. Hirono,2007,2019,congress
Peter Hoagland,1989,1995,congress
David L. Hobson,1991,2009,congress
George J. Hochbrueckner,1987,1995,congress
Kathleen C. Hochul,2011,2013,congress
Paul W. Hodes,2007,2011,congress
Kaneaster Hodges,1977,1979,congress
Joseph M. Hoeffel,1999,2005,congress
Peter Hoekstra,1993,2011,congress
John Hoeven,2011,2019,congress
Lawrence J. Hogan,1969,1975,congress
Martin R. Hoke,1993,1997,congress
Tim Holden,1993,2013,congress
George Holding,2013,2019,congress
Chet Holifield,1943,1975,congress
Kenneth L. Holland,1975,1983,congress
Ernest F. Hollings,1965,2005,congress
Clyde Holloway,1987,1993,congress
Marjorie S. Holt,1973,1987,congress
Rush Holt,1999,2015,congress
Elizabeth Holtzman,1973,1981,congress
Michael M. Honda,2001,2017,congress
Darlene Hooley,1997,2009,congress
Larry J. Hopkins,1979,1993,congress
Joan Kelly Horn,1991,1993,congress
Stephen Horn,1993,2003,congress
Steven Horsford,2013,2019,congress
Frank J. Horton,1963,1993,congress
Craig Hosmer,1953,1975,congress
John N. Hostettler,1995,2007,congress
Amo Houghton,1987,2005,congress
James J. Howard,1965,1989,congress
Allan Howe,1975,1977,congress
Steny H. Hoyer,1981,2019,congress
Roman L. Hruska,1953,1977,congress
Carroll Hubbard,1975,1993,congress
Robert J. Huber,1973,1975,congress
Thomas J. (Jerry) Huckaby,1977,1993,congress
Walter (Dee) Huddleston,1973,1985,congress
William H. Hudnut,1973,1975,congress
Richard Hudson,2013,2019,congress
Tim Huelskamp,2011,2017,congress
Michael Huffington,1993,1995,congress
Jared Huffman,2013,2019,congress
Harold E. Hughes,1973,1975,congress
William J. Hughes,1975,1995,congress
Bill Huizenga,2011,2019,congress
Kenny C. Hulshof,1997,2009,congress
Randy Hultgren,2011,2019,congress
Gordon J. Humphrey,1979,1991,congress
Hubert H. Humphrey,1949,1979,congress
Muriel Humphrey,1977,1979,congress
William L. Hungate,1963,1977,congress
John E. Hunt,1967,1975,congress
Duncan Hunter,1981,2009,congress
Duncan D. Hunter,2009,2019,congress
Will Hurd,2015,2019,congress
Robert Hurt,2011,2017,congress
Asa Hutchinson,1997,2001,congress
Edward Hutchinson,1963,1977,congress
Tim Hutchinson,1993,2003,congress
Kay Bailey Hutchison,1993,2013,congress
Earl Hutto,1979,1995,congress
Henry J. Hyde,1975,2007,congress
Cindy Hyde-Smith,2018,2019,congress
Richard H. Ichord,1961,1981,congress
Bob Inglis,1993,2011,congress
James M. Inhofe,1987,2019,congress
Daniel K. Inouye,1959,2012,congress
Jay Inslee,1993,2012,congress
Andrew P. Ireland,1977,1993,congress
Johnny Isakson,1999,2019,congress
Steve Israel,2001,2017,congress
Darrell E. Issa,2001,2019,congress
Ernest J. Istook,1993,2007,congress
Sheila Jackson Lee,1995,2019,congress
Henry M. Jackson,1941,1985,congress
Jesse L. Jackson,1995,2012,congress
Andrew Jacobs,1965,1997,congress
Craig T. James,1989,1993,congress
William J. Janklow,2003,2004,congress
John Jarman,1951,1977,congress
Jacob K. Javits,1947,1981,congress
William J. Jefferson,1991,2009,congress
James M. Jeffords,1975,2007,congress
Hakeem S. Jeffries,2013,2019,congress
Edgar L. Jenkins,1977,1993,congress
Evan H. Jenkins,2015,2018,congress
Lynn Jenkins,2009,2019,congress
William L. Jenkins,1997,2007,congress
John W. Jenrette,1975,1981,congress
Roger W. Jepsen,1979,1985,congress
Bobby Jindal,2005,2008,congress
Mike Johanns,2009,2015,congress
Christopher John,1997,2005,congress
Albert W. Johnson,1963,1977,congress
Bill Johnson,2011,2019,congress
Don Johnson,1993,1995,congress
Eddie Bernice Johnson,1993,2019,congress
Harold T. Johnson,1959,1981,congress
"Henry C. ""Hank Johnson",2007,2019,congress
James P. (Jim) Johnson,1973,1981,congress
Jay W. Johnson,1997,1999,congress
Nancy L. Johnson,1983,2007,congress
Ron Johnson,2011,2019,congress
Sam Johnson,1991,2019,congress
Tim Johnson,1987,2015,congress
Timothy V. Johnson,2001,2013,congress
Harry Johnston,1989,1997,congress
J. Bennett Johnston,1973,1997,congress
David W. Jolly,2014,2017,congress
Ben Jones,1989,1993,congress
Ed Jones,1969,1989,congress
James R. Jones,1973,1987,congress
Robert E. Jones,1947,1977,congress
Stephanie Tubbs Jones,1999,2008,congress
Walter B. Jones,1965,1993,congress
Walter B. Jones,1995,2019,congress
Jim Jontz,1987,1993,congress
Barbara Jordan,1973,1979,congress
Jim Jordan,2007,2019,congress
David P. Joyce,2013,2019,congress
Steve Kagen,2007,2011,congress
Tim Kaine,2013,2019,congress
Paul E. Kanjorski,1985,2011,congress
Marcy Kaptur,1983,2019,congress
David K. Karnes,1987,1989,congress
John R. Kasich,1983,2001,congress
Nancy Landon Kassebaum,1979,1997,congress
Robert W. Kasten,1975,1993,congress
Robert W. Kastenmeier,1959,1991,congress
John Katko,2015,2019,congress
Edward E. Kaufman,2009,2010,congress
William J. Keating,1971,1975,congress
William R. Keating,2011,2019,congress
Ric Keller,2001,2009,congress
Mike Kelly,2011,2019,congress
Richard Kelly,1975,1981,congress
Robin L. Kelly,2013,2019,congress
Sue W. Kelly,1995,2007,congress
Trent Kelly,2015,2019,congress
Jack Kemp,1971,1989,congress
Dirk Kempthorne,1993,1999,congress
Edward M. Kennedy,1961,2009,congress
John Kennedy,2017,2019,congress
Joseph P. Kennedy,1987,1999,congress
Joseph P. Kennedy,2013,2019,congress
Mark R. Kennedy,2001,2007,congress
Patrick J. Kennedy,1995,2011,congress
Barbara B. Kennelly,1981,1999,congress
Brian D. Kerns,2001,2003,congress
J. Robert Kerrey,1989,2001,congress
John F. Kerry,1985,2013,congress
William M. Ketchum,1973,1979,congress
Martha E. Keys,1975,1979,congress
Dale E. Kildee,1977,2013,congress
Daniel T. Kildee,2013,2019,congress
Derek Kilmer,2013,2019,congress
Carolyn C. Kilpatrick,1997,2011,congress
Mary Jo Kilroy,2009,2011,congress
Jay Kim,1993,1999,congress
Ron Kind,1997,2019,congress
Thomas N. Kindness,1975,1987,congress
Angus S. King,2013,2019,congress
Carleton J. King,1961,1975,congress
Peter T. King,1993,2019,congress
Steve King,2003,2019,congress
Jack Kingston,1993,2015,congress
Adam Kinzinger,2011,2019,congress
Mark Steven Kirk,2001,2017,congress
Paul Grattan Kirk,2009,2010,congress
Ann Kirkpatrick,2009,2019,congress
Larry Kissell,2009,2013,congress
Gerald D. Kleczka,1983,2005,congress
Herbert C. Klein,1993,1995,congress
Ron Klein,2007,2011,congress
John Kline,2003,2017,congress
Ron Klink,1993,2001,congress
Amy Klobuchar,2007,2019,congress
John C. Kluczynski,1951,1977,congress
Scott L. Klug,1991,1999,congress
Stephen Knight,2015,2019,congress
Joe Knollenberg,1993,2009,congress
Edward I. Koch,1969,1979,congress
Herb Kohl,1989,2013,congress
Jim Kolbe,1985,2007,congress
Joseph P. Kolter,1983,1993,congress
Ernest L. Konnyu,1987,1989,congress
Mike Kopetski,1991,1995,congress
Suzanne M. Kosmas,2009,2011,congress
Peter H. Kostmayer,1977,1993,congress
Ken Kramer,1979,1987,congress
Frank Kratovil,2009,2011,congress
John H. Krebs,1975,1979,congress
Mike Kreidler,1993,1995,congress
Robert C. Krueger,1975,1995,congress
Dennis J. Kucinich,1997,2013,congress
"John R. ""Randy"" Kuhl",2005,2009,congress
Ann M. Kuster,2013,2019,congress
Dan H. Kuykendall,1967,1975,congress
Steven T. Kuykendall,1999,2001,congress
Jon Kyl,1987,2019,congress
Peter N. Kyros,1967,1975,congress
Raul R. Labrador,2011,2019,congress
John J. LaFalce,1975,2003,congress
Robert J. Lagomarsino,1973,1993,congress
Ray LaHood,1995,2009,congress
Doug LaMalfa,2013,2019,congress
Conor Lamb,2018,2019,congress
Doug Lamborn,2007,2019,congress
Nick Lampson,1997,2009,congress
H. Martin Lancaster,1987,1995,congress
Leonard Lance,2009,2019,congress
Earl F. Landgrebe,1969,1975,congress
Mary L. Landrieu,1997,2015,congress
Jeffrey M. Landry,2011,2013,congress
James R. Langevin,2001,2019,congress
James Lankford,2011,2019,congress
Tom Lantos,1981,2008,congress
Steve Largent,1993,2002,congress
Larry LaRocco,1991,1995,congress
Rick Larsen,2001,2019,congress
John B. Larson,1999,2019,congress
Tom Latham,1995,2015,congress
Steven C. LaTourette,1995,2013,congress
Delbert L. Latta,1959,1989,congress
Robert E. Latta,2007,2019,congress
Greg Laughlin,1989,1997,congress
Frank R. Lautenberg,1983,2013,congress
Brenda L. Lawrence,2015,2019,congress
Paul D. Laxalt,1973,1987,congress
Rick Lazio,1993,2001,congress
James A. Leach,1977,2007,congress
Patrick J. Leahy,1975,2019,congress
Marvin Leath,1979,1991,congress
John LeBoutillier,1981,1983,congress
Raymond F. Lederer,1977,1983,congress
Barbara Lee,1997,2019,congress
Christopher J. Lee,2009,2011,congress
Mike Lee,2011,2019,congress
Joseph A. LeFante,1977,1979,congress
Richard H. Lehman,1983,1995,congress
William Lehman,1973,1993,congress
Mickey Leland,1979,1991,congress
George S. LeMieux,2009,2011,congress
Norman F. Lent,1971,1993,congress
Debbie Lesko,2018,2019,congress
Carl Levin,1979,2015,congress
Sander M. Levin,1983,2019,congress
Mel Levine,1983,1993,congress
Elliott H. Levitas,1975,1985,congress
Jerry Lewis,1979,2013,congress
John Lewis,1987,2019,congress
Ron Lewis,1993,2009,congress
Thomas F. Lewis,1983,1995,congress
Joseph I. Lieberman,1989,2013,congress
Ted Lieu,2015,2019,congress
Jim Lightfoot,1985,1997,congress
Blanche L. Lincoln,1993,2011,congress
John Linder,1993,2011,congress
Daniel Lipinski,2005,2019,congress
William O. Lipinski,1983,2005,congress
Jerry Litton,1973,1977,congress
Bob Livingston,1977,2001,congress
James F. Lloyd,1975,1981,congress
Marilyn Lloyd,1975,1995,congress
Frank A. LoBiondo,1995,2019,congress
David Loebsack,2007,2019,congress
Tom Loeffler,1979,1987,congress
Zoe Lofgren,1995,2019,congress
Billy Long,2011,2019,congress
Cathy (Mrs. Gillis) Long,1985,1987,congress
Gillis W. Long,1963,1987,congress
Jill L. Long,1989,1995,congress
Russell B. Long,1947,1987,congress
James B. Longley,1995,1997,congress
Trent Lott,1973,2007,congress
Barry Loudermilk,2015,2019,congress
Mia B. Love,2015,2019,congress
Alan S. Lowenthal,2013,2019,congress
Bill Lowery,1981,1993,congress
Nita M. Lowey,1989,2019,congress
Mike Lowry,1979,1989,congress
Frank D. Lucas,1993,2019,congress
Ken Lucas,1999,2005,congress
Blaine Luetkemeyer,2009,2019,congress
Richard G. Lugar,1977,2013,congress
Michelle Lujan Grisham,2013,2019,congress
Ben Ray Lujan,2009,2019,congress
Manuel Lujan,1969,1989,congress
Charles Luken,1991,1993,congress
Thomas A. Luken,1973,1991,congress
Donald E. Lukens,1967,1991,congress
Cynthia M. Lummis,2009,2017,congress
Stanley N. Lundine,1975,1987,congress
Daniel E. Lungren,1979,2013,congress
Bill Luther,1995,2003,congress
Stephen F. Lynch,2001,2019,congress
Thomas MacArthur,2015,2019,congress
Ronald K. Machtley,1989,1995,congress
Connie Mack,2005,2013,congress
Connie Mack,1983,2001,congress
Buddy MacKay,1983,1989,congress
Ray J. Madden,1943,1977,congress
Edward R. Madigan,1973,1993,congress
Daniel B. Maffei,2009,2015,congress
Warren G. Magnuson,1937,1981,congress
Andrew Maguire,1975,1981,congress
George H. Mahon,1935,1979,congress
Tim Mahoney,2007,2009,congress
Denise L. Majette,2003,2005,congress
Richard W. Mallary,1971,1975,congress
Carolyn B. Maloney,1993,2019,congress
James H. Maloney,1997,2003,congress
Sean Patrick Maloney,2013,2019,congress
Joe Manchin,2010,2019,congress
David Mann,1993,1995,congress
James R. Mann,1969,1979,congress
Mike Mansfield,1943,1977,congress
Thomas J. Manton,1985,1999,congress
Donald A. Manzullo,1993,2013,congress
Joseph J. Maraziti,1973,1975,congress
Kenny Marchant,2005,2019,congress
Marjorie Margolies-Mezvinsky,1993,1995,congress
Tom Marino,2011,2019,congress
Betsy Markey,2009,2011,congress
Edward J. Markey,1977,2019,congress
Ron Marlenee,1977,1993,congress
David Daniel Marriott,1977,1985,congress
Jim Marshall,2003,2011,congress
David O'B. Martin,1981,1993,congress
David T. Martin,1961,1975,congress
James G. Martin,1973,1985,congress
Lynn M. Martin,1981,1991,congress
Matthew G. Martinez,1981,2001,congress
Mel Martinez,2005,2009,congress
William J. Martini,1995,1997,congress
Frank Mascara,1995,2003,congress
Eric J. J. Massa,2009,2010,congress
Thomas Massie,2012,2019,congress
Jim Matheson,2001,2015,congress
Harlan Mathews,1993,1995,congress
Charles McC. Mathias,1961,1987,congress
Robert B. (Bob) Mathias,1967,1975,congress
Dawson Mathis,1971,1981,congress
Doris O. Matsui,2005,2019,congress
Robert T. Matsui,1979,2005,congress
Spark M. Matsunaga,1963,1991,congress
Mack Mattingly,1981,1987,congress
Nicholas Mavroules,1979,1993,congress
Wiley Mayne,1967,1975,congress
Romano L. Mazzoli,1971,1995,congress
Vance M. McAllister,2013,2015,congress
John McCain,1983,2018,congress
Alfred A. (Al) McCandless,1983,1995,congress
Carolyn McCarthy,1997,2015,congress
Karen McCarthy,1995,2005,congress
Kevin McCarthy,2007,2019,congress
Claire McCaskill,2007,2019,congress
Michael T. McCaul,2005,2019,congress
John L. McClellan,1935,1979,congress
Tom McClintock,2009,2019,congress
Robert McClory,1963,1983,congress
Frank McCloskey,1983,1995,congress
Paul N. McCloskey,1967,1983,congress
James A. McClure,1967,1991,congress
John Y. McCollister,1971,1977,congress
Betty McCollum,2001,2019,congress
Bill McCollum,1981,2001,congress
Mitch McConnell,1985,2019,congress
Mike McCormack,1971,1981,congress
Thaddeus G. McCotter,2003,2012,congress
Jim McCrery,1987,2011,congress
Dave McCurdy,1981,1995,congress
Joseph M. McDade,1963,1999,congress
Jim McDermott,1989,2017,congress
Lawrence P. McDonald,1975,1985,congress
Robert C. McEwen,1965,1981,congress
John J. McFall,1957,1979,congress
Gale W. McGee,1959,1977,congress
George McGovern,1957,1981,congress
James P. McGovern,1997,2019,congress
Raymond J. McGrath,1981,1993,congress
Paul McHale,1993,1999,congress
Patrick T. McHenry,2005,2019,congress
John M. McHugh,1993,2009,congress
Matthew F. McHugh,1975,1993,congress
Scott McInnis,1993,2005,congress
David M. McIntosh,1995,2001,congress
Mike McIntyre,1997,2015,congress
Thomas J. McIntyre,1971,1979,congress
K. Gunn McKay,1971,1981,congress
"Howard P. ""Buck"" McKeon",1993,2015,congress
John R. McKernan,1983,1987,congress
David B. McKinley,2011,2019,congress
Cynthia A. McKinney,1993,2007,congress
Stewart B. McKinney,1971,1989,congress
Michael E. McMahon,2009,2011,congress
J. Alex McMillan,1985,1995,congress
Thomas McMillen,1987,1993,congress
Jerry McNerney,2007,2019,congress
Michael R. McNulty,1989,2009,congress
Martha McSally,2015,2019,congress
Mark Meadows,2013,2019,congress
Martin T. Meehan,1993,2007,congress
Patrick Meehan,2011,2018,congress
Carrie P. Meek,1993,2003,congress
Kendrick B. Meek,2003,2011,congress
Gregory W. Meeks,1997,2019,congress
Charlie Melancon,2005,2011,congress
John Melcher,1969,1989,congress
Robert Menendez,1993,2019,congress
Grace Meng,2013,2019,congress
Jeff Merkley,2009,2019,congress
Luke Messer,2013,2019,congress
Jack Metcalf,1995,2001,congress
Lee Metcalf,1953,1979,congress
Ralph H. Metcalfe,1971,1979,congress
Howard M. Metzenbaum,1973,1995,congress
Jan Meyers,1985,1997,congress
Helen S. Meyner,1975,1979,congress
Kweisi Mfume,1987,1997,congress
Daniel Andrew Mica,1979,1989,congress
John L. Mica,1993,2017,congress
Michael H. Michaud,2003,2015,congress
Robert H. Michel,1957,1995,congress
Barbara A. Mikulski,1977,2017,congress
Abner J. Mikva,1969,1981,congress
Juanita Millender-McDonald,1995,2007,congress
Brad Miller,2003,2013,congress
Candice S. Miller,2003,2017,congress
Clarence E. Miller,1967,1993,congress
Dan Miller,1993,2003,congress
Gary G. Miller,1999,2015,congress
George Miller,1975,2015,congress
Jeff Miller,2001,2017,congress
John R. Miller,1985,1993,congress
Zell Miller,2000,2005,congress
Wilbur D. Mills,1939,1977,congress
William O. Mills,1971,1975,congress
Norman Y. Mineta,1975,1997,congress
David Minge,1993,2001,congress
Joseph G. Minish,1963,1985,congress
Patsy T. Mink,1965,2002,congress
Walter Minnick,2009,2011,congress
William E. Minshall,1955,1975,congress
Donald J. Mitchell,1973,1983,congress
George J. Mitchell,1979,1995,congress
Harry E. Mitchell,2007,2011,congress
Parren J. Mitchell,1971,1987,congress
Wilmer Mizell,1969,1975,congress
John Joseph Moakley,1973,2001,congress
Toby Moffett,1975,1983,congress
Guy Molinari,1981,1991,congress
Susan Molinari,1989,1999,congress
Alan B. Mollohan,1983,2011,congress
Robert H. Mollohan,1953,1983,congress
Walter F. Mondale,1963,1977,congress
David S. Monson,1985,1987,congress
G. V. (Sonny) Montgomery,1967,1997,congress
Joseph M. Montoya,1957,1977,congress
Jim Moody,1983,1993,congress
John R. Moolenaar,2015,2019,congress
Alexander X. Mooney,2015,2019,congress
Dennis Moore,1999,2011,congress
Gwen Moore,2005,2019,congress
W. Henson Moore,1975,1987,congress
Carlos J. Moorhead,1973,1997,congress
William S. Moorhead,1959,1981,congress
James P. Moran,1991,2015,congress
Jerry Moran,1997,2019,congress
Constance A. Morella,1987,2003,congress
Robert B. Morgan,1975,1981,congress
Thomas E. Morgan,1945,1977,congress
Bruce A. Morrison,1983,1991,congress
Sid Morrison,1981,1993,congress
Carol Moseley-Braun,1993,1999,congress
Charles A. Mosher,1961,1977,congress
Frank E. Moss,1959,1977,congress
John E. Moss,1953,1979,congress
Ronald M. Mottl,1975,1983,congress
Seth Moulton,2015,2019,congress
Daniel Patrick Moynihan,1977,2001,congress
Robert J. Mrazek,1983,1993,congress
Markwayne Mullin,2013,2019,congress
Mick Mulvaney,2011,2017,congress
Frank H. Murkowski,1981,2002,congress
Lisa Murkowski,2003,2019,congress
Austin J. Murphy,1977,1995,congress
Christopher Murphy,2007,2019,congress
Morgan F. Murphy,1971,1981,congress
Patrick Murphy,2013,2017,congress
Patrick J. Murphy,2007,2011,congress
Scott Murphy,2009,2011,congress
Stephanie N. Murphy,2017,2019,congress
Tim Murphy,2003,2017,congress
Patty Murray,1993,2019,congress
John P. Murtha,1973,2010,congress
Marilyn N. Musgrave,2003,2009,congress
Edmund S. Muskie,1959,1981,congress
Gary A. Myers,1975,1979,congress
John T. Myers,1967,1997,congress
Sue Wilkins Myrick,1995,2013,congress
Jerrold Nadler,1991,2019,congress
Dave R Nagle,1987,1993,congress
John L. Napier,1981,1983,congress
Grace F. Napolitano,1999,2019,congress
William H. Natcher,1953,1995,congress
Richard E. Neal,1989,2019,congress
Stephen L. Neal,1975,1995,congress
Lucien N. Nedzi,1961,1981,congress
Gloria Negrete McLeod,2013,2015,congress
Ancher Nelsen,1959,1975,congress
Ben Nelson,2001,2013,congress
Bill Nelson,1979,2019,congress
Gaylord Nelson,1973,1981,congress
George R. Nethercutt,1995,2005,congress
Randy Neugebauer,2003,2017,congress
Mark W. Neumann,1995,1999,congress
Dan Newhouse,2015,2019,congress
Robert W. Ney,1995,2007,congress
Bill Nichols,1967,1989,congress
Dick Nichols,1991,1993,congress
Don Nickles,1981,2005,congress
Howard C. Nielson,1983,1991,congress
Robert N. C. Nix,1957,1979,congress
Kristi L. Noem,2011,2019,congress
Richard M. Nolan,1975,2019,congress
Donald Norcross,2014,2019,congress
Anne M. Northup,1997,2007,congress
Eleanor Holmes Norton,1991,2019,congress
Charles W. Norwood,1995,2007,congress
Henry Nowak,1975,1993,congress
Richard B. Nugent,2011,2017,congress
Devin Nunes,2003,2019,congress
Sam Nunn,1973,1997,congress
Alan Nunnelee,2011,2015,congress
Jim Nussle,1991,2007,congress
Glenn C. Nye,2009,2011,congress
James G. O'Hara,1959,1977,congress
Thomas P. O'Neill,1953,1987,congress
Beto O'Rourke,2013,2019,congress
Mary Rose Oakar,1977,1993,congress
Barack Obama,2005,2008,congress
James L. Oberstar,1975,2011,congress
David R. Obey,1969,2011,congress
James R. Olin,1983,1993,congress
Pete Olson,2009,2019,congress
John W. Olver,1991,2013,congress
Solomon P. Ortiz,1983,2011,congress
Bill Orton,1991,1997,congress
Tom Osborne,2001,2007,congress
Doug Ose,1999,2005,congress
C. L. (Butch) Otter,2001,2007,congress
Richard L. Ottinger,1965,1985,congress
Major R. Owens,1983,2007,congress
Wayne Owens,1973,1993,congress
William L. Owens,2009,2015,congress
Michael G. Oxley,1981,2007,congress
Ron Packard,1983,2001,congress
Bob Packwood,1973,1997,congress
Steven M. Palazzo,2011,2019,congress
Frank Pallone,1987,2019,congress
Gary J. Palmer,2015,2019,congress
Leon Panetta,1977,1995,congress
Michael Pappas,1997,1999,congress
Mike Parker,1989,1999,congress
Stanford E. (Stan) Parris,1973,1991,congress
Bill Pascrell,1997,2019,congress
Charles Pashayan,1979,1991,congress
Otto E. Passman,1947,1977,congress
Ed Pastor,1991,2015,congress
John O. Pastore,1949,1977,congress
Wright Patman,1929,1977,congress
Elizabeth Patterson,1987,1993,congress
Jerry M. Patterson,1975,1985,congress
Edward W. Pattison,1975,1979,congress
Rand Paul,2011,2019,congress
Ron Paul,1975,2013,congress
Erik Paulsen,2009,2019,congress
Bill Paxon,1989,1999,congress
Donald M. Payne,1989,2012,congress
Donald M. Payne,2012,2019,congress
Lewis F. Payne,1987,1997,congress
Stevan Pearce,2003,2019,congress
James B. Pearson,1961,1979,congress
Donald J. Pease,1977,1993,congress
Edward A. Pease,1997,2001,congress
Claiborne Pell,1961,1997,congress
Nancy Pelosi,1987,2019,congress
Mike Pence,2001,2013,congress
Timothy J. Penny,1983,1995,congress
Claude Pepper,1935,1991,congress
Charles H. Percy,1973,1985,congress
David Perdue,2015,2019,congress
Carl C. Perkins,1984,1993,congress
Carl Dewey Perkins,1949,1985,congress
Ed Perlmutter,2007,2019,congress
Thomas S.P. Perriello,2009,2011,congress
Scott Perry,2013,2019,congress
Gary C. Peters,2009,2019,congress
Scott H. Peters,2013,2019,congress
Collin C. Peterson,1991,2019,congress
Douglas (Pete) Peterson,1991,1997,congress
John E. Peterson,1997,2009,congress
Thomas E. Petri,1979,2015,congress
Jerry L. Pettis,1967,1977,congress
Shirley N. Pettis,1975,1979,congress
Peter A. Peyser,1971,1983,congress
David D. Phelps,1999,2003,congress
"Charles W. ""Chip"" Pickering",1997,2009,congress
Owen B. Pickett,1987,2001,congress
J. J. Pickle,1963,1995,congress
Pedro R. Pierluisi,2009,2017,congress
Otis G. Pike,1961,1979,congress
Chellie Pingree,2009,2019,congress
Robert Pittenger,2013,2019,congress
Joseph R. Pitts,1997,2017,congress
Stacey E. Plaskett,2015,2019,congress
Todd Russell Platts,2001,2013,congress
W. R. Poage,1937,1979,congress
Mark Pocan,2013,2019,congress
Bertram L. Podell,1967,1975,congress
Ted Poe,2005,2019,congress
Bruce Poliquin,2015,2019,congress
Jared Polis,2009,2019,congress
Richard W. Pombo,1993,2007,congress
Earl Pomeroy,1993,2011,congress
Mike Pompeo,2011,2017,congress
John Edward Porter,1979,2001,congress
Jon C. Porter,2003,2009,congress
Rob Portman,1993,2019,congress
Bill Posey,2009,2019,congress
Glenn Poshard,1989,1999,congress
Walter E. Powell,1971,1975,congress
Larry Pressler,1975,1997,congress
Richardson Preyer,1969,1981,congress
David E. Price,1987,2019,congress
Melvin Price,1945,1989,congress
Robert D. Price,1967,1975,congress
Tom Price,2005,2017,congress
Joel Pritchard,1973,1985,congress
William Proxmire,1957,1989,congress
Deborah Pryce,1993,2009,congress
David H. Pryor,1965,1997,congress
Mark L. Pryor,2003,2015,congress
Carl D. Pursell,1977,1993,congress
Adam H. Putnam,2001,2011,congress
Benjamin Quayle,2011,2013,congress
Dan Quayle,1977,1991,congress
Albert H. Quie,1957,1979,congress
Mike Quigley,2009,2019,congress
James H. (Jimmy) Quillen,1963,1997,congress
Jack Quinn,1993,2005,congress
George Radanovich,1995,2011,congress
Aumua Amata Coleman Radewagen,2015,2019,congress
Nick J. Rahall,1977,2015,congress
Thomas F. Railsback,1967,1983,congress
Jim Ramstad,1991,2009,congress
Jennings Randolph,1933,1985,congress
Charles B. Rangel,1971,2017,congress
John R. Rarick,1967,1975,congress
John Ratcliffe,2015,2019,congress
Arthur Ravenel,1987,1995,congress
Richard B. Ray,1983,1993,congress
Jack Reed,1991,2019,congress
Tom Reed,2010,2019,congress
Thomas N. Rees,1965,1977,congress
Ralph Regula,1973,2009,congress
Denny Rehberg,2001,2013,congress
David G. Reichert,2005,2019,congress
Harry Reid,1983,2017,congress
Ogden R. Reid,1963,1975,congress
James B. Renacci,2011,2019,congress
Rick Renzi,2003,2009,congress
Henry S. Reuss,1955,1983,congress
Silvestre Reyes,1997,2013,congress
Mel Reynolds,1993,1997,congress
Thomas M. Reynolds,1999,2009,congress
John J. Rhodes,1953,1983,congress
John J. Rhodes,1987,1993,congress
Reid J. Ribble,2011,2017,congress
Abraham A. Ribicoff,1949,1981,congress
Kathleen M. Rice,2015,2019,congress
Tom Rice,2013,2019,congress
Bill Richardson,1983,1999,congress
Laura Richardson,2007,2013,congress
Cedric L. Richmond,2011,2019,congress
Frederick W. Richmond,1975,1983,congress
Thomas J. Ridge,1983,1995,congress
Donald W. Riegle,1967,1995,congress
E. Scott Rigell,2011,2017,congress
Frank Riggs,1991,1999,congress
Bob Riley,1997,2003,congress
Matthew J. Rinaldo,1973,1993,congress
James E. Risch,2009,2019,congress
Theodore M. Risenhoover,1975,1979,congress
Don Ritter,1979,1993,congress
David Rivera,2011,2013,congress
Lynn N. Rivers,1995,2003,congress
Charles S. Robb,1989,2001,congress
Pat Roberts,1981,2019,congress
Ray Roberts,1961,1981,congress
J. Kenneth Robinson,1971,1985,congress
Tommy F. Robinson,1985,1991,congress
Howard W. Robison,1957,1975,congress
Martha Roby,2011,2019,congress
John D. Rockefeller,1985,2015,congress
Cathy McMorris Rodgers,2005,2019,congress
Peter W. Rodino,1949,1989,congress
Ciro D. Rodriguez,1997,2011,congress
David P. Roe,2009,2019,congress
Robert A. Roe,1969,1993,congress
Buddy Roemer,1981,1989,congress
Tim Roemer,1991,2003,congress
James E. Rogan,1997,2001,congress
Harold Rogers,1981,2019,congress
Mike D. Rogers,2003,2019,congress
Mike J. Rogers,2001,2015,congress
Paul G. Rogers,1955,1979,congress
Dana Rohrabacher,1989,2019,congress
Todd Rokita,2011,2019,congress
Carlos A. Romero-Barcelo,1993,2001,congress
Mitt Romney,2019,2019,congress
Teno Roncalio,1965,1979,congress
Angelo D. Roncallo,1973,1975,congress
Fred B. Rooney,1963,1979,congress
John J. Rooney,1943,1975,congress
Thomas J. Rooney,2009,2019,congress
Ileana Ros-Lehtinen,1989,2019,congress
Charlie Rose,1973,1997,congress
Jacky Rosen,2017,2019,congress
Benjamin S. Rosenthal,1961,1983,congress
Peter J. Roskam,2007,2019,congress
Dennis A. Ross,2011,2019,congress
Mike Ross,2001,2013,congress
Dan Rostenkowski,1959,1995,congress
William V. Roth Jr.,1967,2001,congress
Toby Roth,1979,1997,congress
Keith J. Rothfus,2013,2019,congress
Steven R. Rothman,1997,2013,congress
Marge Roukema,1981,2003,congress
Mike Rounds,2015,2019,congress
J. Edward Roush,1959,1977,congress
John H. Rousselot,1961,1983,congress
David Rouzer,2015,2019,congress
J. Roy Rowland,1983,1995,congress
William R. Roy,1971,1975,congress
Edward R. Roybal,1963,1993,congress
Lucille Roybal-Allard,1993,2019,congress
Edward R. Royce,1993,2019,congress
Marco Rubio,2011,2019,congress
Eldon D. Rudd,1977,1987,congress
Warren Rudman,1981,1993,congress
Raul Ruiz,2013,2019,congress
Harold L. Runnels,1971,1981,congress
Jon Runyan,2011,2015,congress
Philip E. Ruppe,1967,1979,congress
C. A. Dutch Ruppersberger,2003,2019,congress
Bobby L. Rush,1993,2019,congress
Steve Russell,2015,2019,congress
Martin A. Russo,1975,1993,congress
Earl B. Ruth,1969,1975,congress
Leo J. Ryan,1973,1979,congress
Paul D. Ryan,1999,2019,congress
Tim Ryan,2003,2019,congress
Jim Ryun,1997,2007,congress
Gregorio Kilili Camacho Sablan,2009,2019,congress
Martin Olav Sabo,1979,2007,congress
Patricia Saiki,1987,1991,congress
John T. Salazar,2005,2011,congress
Ken Salazar,2005,2009,congress
Bill Sali,2007,2009,congress
Matt Salmon,1995,2017,congress
Linda T. Sanchez,2003,2019,congress
Loretta Sanchez,1997,2017,congress
Bernard Sanders,1991,2019,congress
Max Sandlin,1997,2005,congress
Charles W. Sandman,1967,1975,congress
Mark Sanford,1995,2019,congress
Terry Sanford,1985,1993,congress
George E. Sangmeister,1989,1995,congress
James D. Santini,1975,1983,congress
Rick Santorum,1991,2007,congress
Ronald A. Sarasin,1973,1979,congress
John P. Sarbanes,2007,2019,congress
Paul S. Sarbanes,1971,2007,congress
Bill Sarpalius,1989,1995,congress
Ben Sasse,2015,2019,congress
Jim Sasser,1977,1995,congress
David E. Satterfield,1965,1981,congress
Gus Savage,1981,1993,congress
Harold S. Sawyer,1977,1985,congress
Tom Sawyer,1987,2003,congress
William B. Saxbe,1973,1975,congress
Jim Saxton,1985,2009,congress
John P. Saylor,1949,1975,congress
Steve Scalise,2008,2019,congress
Joe Scarborough,1995,2001,congress
Dan Schaefer,1983,1999,congress
Bob Schaffer,1997,2003,congress
Janice D. Schakowsky,1999,2019,congress
Brian Schatz,2012,2019,congress
Mark H. Schauer,2009,2011,congress
Lynn Schenk,1993,1995,congress
William J. Scherle,1967,1975,congress
James H. Scheuer,1965,1993,congress
Adam B. Schiff,2001,2019,congress
Steven Schiff,1989,1999,congress
Robert T. Schilling,2011,2013,congress
Jean Schmidt,2005,2013,congress
Harrison H. Schmitt,1977,1983,congress
Herman T. Schneebeli,1959,1977,congress
Bradley Scott Schneider,2013,2019,congress
Claudine Schneider,1981,1991,congress
Aaron Schock,2009,2015,congress
Kurt Schrader,2009,2019,congress
Edward L. Schrock,2001,2005,congress
Patricia Schroeder,1973,1997,congress
Bill Schuette,1985,1991,congress
Richard T. Schulze,1975,1993,congress
Charles E. Schumer,1981,2019,congress
Allyson Y. Schwartz,2005,2015,congress
"John J.H. ""Joe"" Schwarz",2005,2007,congress
Richard S. Schweiker,1961,1981,congress
David Schweikert,2011,2019,congress
Austin Scott,2011,2019,congress
David Scott,2003,2019,congress
Hugh Scott,1941,1977,congress
Rick Scott,2019,2019,congress
"Robert C. ""Bobby"" Scott",1993,2019,congress
Tim Scott,2011,2019,congress
William Lloyd Scott,1967,1979,congress
Andrea H. Seastrand,1995,1997,congress
Keith G. Sebelius,1969,1981,congress
John F. Seiberling,1971,1987,congress
Shelley Sekula Gibbs,2005,2007,congress
F. James Sensenbrenner,1979,2019,congress
Jose E. Serrano,1989,2019,congress
Jeff Sessions,1997,2017,congress
Pete Sessions,1997,2019,congress
Joe Sestak,2007,2011,congress
Terri A. Sewell,2011,2019,congress
John Seymour,1991,1993,congress
John B. Shadegg,1995,2011,congress
Jeanne Shaheen,2009,2019,congress
Bob Shamansky,1981,1983,congress
Philip R. Sharp,1975,1995,congress
E. Clay Shaw,1981,2007,congress
Christopher Shays,1987,2009,congress
Carol Shea-Porter,2007,2019,congress
Richard C. Shelby,1979,2019,congress
Karen Shepherd,1993,1995,congress
Brad Sherman,1997,2019,congress
Don Sherwood,1999,2007,congress
John Shimkus,1997,2019,congress
George E. Shipley,1959,1979,congress
Dick Shoup,1971,1975,congress
Ronnie Shows,1999,2003,congress
Garner E. Shriver,1961,1977,congress
Heath Shuler,2007,2013,congress
Norman D. Shumway,1979,1991,congress
Bill Shuster,2001,2019,congress
Bud Shuster,1973,2001,congress
Robert L. F. Sikes,1941,1979,congress
Gerry E. Sikorski,1983,1993,congress
Mark D. Siljander,1981,1987,congress
Rob Simmons,2001,2007,congress
Paul Simon,1975,1997,congress
Alan K. Simpson,1979,1997,congress
Michael K. Simpson,1999,2019,congress
Kyrsten Sinema,2013,2019,congress
Albio Sires,2005,2019,congress
Norman Sisisky,1983,2001,congress
B. F. Sisk,1955,1979,congress
David E. Skaggs,1987,1999,congress
Joe Skeen,1981,2003,congress
Ike Skelton,1977,2011,congress
Joe Skubitz,1963,1979,congress
John Slack,1959,1981,congress
Jim Slattery,1983,1995,congress
D. French Slaughter,1985,1993,congress
Louise McIntosh Slaughter,1987,2018,congress
Adam Smith,1997,2019,congress
Adrian Smith,2007,2019,congress
Bob Smith,1985,2003,congress
Christopher H. Smith,1981,2019,congress
Denny Smith,1981,1991,congress
Gordon H. Smith,1997,2009,congress
Jason Smith,2013,2019,congress
Lamar Smith,1987,2019,congress
Larkin Smith,1989,1991,congress
Lawrence Smith,1983,1993,congress
Linda Smith,1995,1999,congress
Neal Edward Smith,1959,1995,congress
Nick Smith,1993,2005,congress
Peter Smith,1989,1991,congress
Robert Smith,1983,1999,congress
Virginia Smith,1975,1991,congress
Vince Snowbarger,1997,1999,congress
Olympia J. Snowe,1979,2013,congress
M. G. (Gene) Snyder,1963,1987,congress
Vic Snyder,1997,2011,congress
Michael E. Sodrel,2005,2007,congress
Stephen J. Solarz,1975,1993,congress
Hilda L. Solis,2001,2009,congress
Gerald B. H. Solomon,1979,1999,congress
Mark E. Souder,1995,2010,congress
Steve II Southerland,2011,2015,congress
Zachary T. Space,2007,2011,congress
John J. Sparkman,1937,1979,congress
Arlen Specter,1981,2011,congress
Jackie Speier,2008,2019,congress
Gladys Noon Spellman,1975,1983,congress
Floyd Spence,1971,2001,congress
John M. Spratt,1983,2011,congress
Fernand J. St Germain,1961,1989,congress
Debbie Stabenow,1997,2019,congress
Edward J. Stack,1979,1981,congress
Robert T. Stafford,1961,1989,congress
Harley O. Staggers,1949,1981,congress
Harley O. Staggers,1983,1993,congress
Richard H. Stallings,1985,1993,congress
Arlan Stangeland,1977,1991,congress
J. William Stanton,1965,1983,congress
James V. Stanton,1971,1977,congress
Fortney Pete Stark,1973,2013,congress
David Michael Staton,1981,1983,congress
Cliff Stearns,1989,2013,congress
Tom Steed,1949,1981,congress
Robert H. Steele,1969,1975,congress
Alan Steelman,1973,1977,congress
Newton I. Steers,1977,1979,congress
Elise M. Stefanik,2015,2019,congress
Sam Steiger,1967,1977,congress
William A. Steiger,1967,1981,congress
Charles W. Stenholm,1979,2005,congress
John C. Stennis,1947,1989,congress
Ted Stevens,1967,2009,congress
Adlai E. Stevenson,1969,1981,congress
Chris Stewart,2013,2019,congress
Donald Stewart,1977,1981,congress
Steve Stivers,2011,2019,congress
David A. Stockman,1977,1983,congress
Steve Stockman,1995,2015,congress
Louis Stokes,1969,1999,congress
Richard (Dick) Stone,1975,1981,congress
Michael L. Strang,1985,1987,congress
Luther Strange,2017,2018,congress
Samuel S. Stratton,1959,1989,congress
Ted Strickland,1993,2007,congress
Frank A. Stubblefield,1959,1975,congress
W. S. (Bill) Stuckey,1967,1977,congress
Gerry E. Studds,1973,1997,congress
Bob Stump,1977,2003,congress
Bart Stupak,1993,2011,congress
Marlin A. Stutzman,2010,2017,congress
Dan Sullivan,2015,2019,congress
John Sullivan,2002,2013,congress
Leonor K. (Mrs. John B.) Sullivan,1953,1977,congress
Don Sundquist,1983,1995,congress
Foto I. F. Sunia,1981,1989,congress
John E. Sununu,1997,2009,congress
Betty Sutton,2007,2013,congress
Eric Swalwell,2013,2019,congress
John E. Sweeney,1999,2007,congress
Dick Swett,1991,1995,congress
Al Swift,1979,1995,congress
Patrick L. Swindall,1985,1989,congress
James W. Symington,1969,1977,congress
Stuart Symington,1953,1977,congress
Steven D. Symms,1973,1993,congress
Mike Synar,1979,1995,congress
Robert Taft,1963,1977,congress
Mark Takai,2015,2016,congress
Mark Takano,2013,2019,congress
Burt L. Talcott,1963,1977,congress
Jim Talent,1993,2007,congress
Robert M. (Robin) Tallon,1983,1993,congress
Herman E. Talmadge,1957,1981,congress
Thomas G. Tancredo,1999,2009,congress
John S. Tanner,1989,2011,congress
Randy Tate,1995,1997,congress
Thomas Joseph Tauke,1979,1991,congress
Ellen O. Tauscher,1997,2009,congress
W. J. (Billy) Tauzin,1979,2005,congress
Charles H. Taylor,1991,2007,congress
G. Taylor,1973,1989,congress
Gene Taylor,1989,2011,congress
Roy A. Taylor,1959,1977,congress
Scott Taylor,2017,2019,congress
Charles M. Teague,1955,1975,congress
Harry Teague,2009,2011,congress
Olin E. Teague,1945,1979,congress
Frank Tejeda,1993,1999,congress
Lee Terry,1999,2015,congress
Jon Tester,2007,2019,congress
Craig Thomas,1989,2007,congress
Lindsay Thomas,1983,1993,congress
William M. Thomas,1979,2007,congress
Bennie G. Thompson,1993,2019,congress
Frank Thompson,1955,1981,congress
Fred Thompson,1994,2003,congress
Glenn Thompson,2009,2019,congress
Mike Thompson,1999,2019,congress
Vernon W. Thomson,1961,1975,congress
Charles Thone,1971,1979,congress
Mac Thornberry,1995,2019,congress
Ray Thornton,1973,1997,congress
John Thune,1997,2019,congress
Karen L. Thurman,1993,2003,congress
Strom Thurmond,1953,2003,congress
Todd Tiahrt,1995,2011,congress
Patrick J. Tiberi,2001,2018,congress
Robert O. Tiernan,1967,1975,congress
John F. Tierney,1997,2015,congress
Thom Tillis,2015,2019,congress
Scott  R. Tipton,2011,2019,congress
Dina Titus,2009,2019,congress
Paul Tonko,2009,2019,congress
Richard A. Tonry,1977,1979,congress
Pat Toomey,1999,2019,congress
Peter G. Torkildsen,1993,1997,congress
Estaban Edward Torres,1983,1999,congress
Norma J. Torres,2015,2019,congress
Robert G. Torricelli,1983,2003,congress
David Towell,1973,1975,congress
John G. Tower,1963,1985,congress
Edolphus Towns,1983,2013,congress
James A. Traficant,1985,2002,congress
Bob Traxler,1973,1993,congress
David C. Treen,1973,1981,congress
Paul S. Trible,1977,1989,congress
David A. Trott,2015,2019,congress
Niki Tsongas,2007,2019,congress
Paul E. Tsongas,1975,1985,congress
Walter R. Tucker,1993,1997,congress
John V. Tunney,1965,1977,congress
Jim Turner,1997,2005,congress
Michael R. Turner,2003,2019,congress
Robert L. Turner,2011,2013,congress
Mark Udall,1999,2015,congress
Morris K. Udall,1961,1993,congress
Tom Udall,1999,2019,congress
Al Ullman,1957,1981,congress
Robert A. Underwood,1993,2003,congress
Jolene Unsoeld,1989,1995,congress
Fred Upton,1987,2019,congress
David G. Valadao,2013,2019,congress
Tim Valentine,1983,1995,congress
Lionel Van Deerlin,1963,1981,congress
Chris Van Hollen,2003,2019,congress
Guy Vander Jagt,1965,1993,congress
Richard F. Vander Veen,1973,1977,congress
Juan Vargas,2013,2019,congress
Marc A. Veasey,2013,2019,congress
Filemon Vela,2013,2019,congress
Nydia M. Velazquez,1993,2019,congress
Bruce F. Vento,1977,2001,congress
Victor V. Veysey,1971,1975,congress
Joseph P. Vigorito,1965,1977,congress
Peter J. Visclosky,1985,2019,congress
David Vitter,1999,2017,congress
George V. Voinovich,1999,2011,congress
Harold L. Volkmer,1977,1997,congress
Barbara F. Vucanovich,1983,1997,congress
Joe D. Waggonner,1961,1979,congress
Ann Wagner,2013,2019,congress
Tim Walberg,2007,2019,congress
Greg Walden,1999,2019,congress
Enid Greene Waldholtz,1995,1997,congress
Jerome R. Waldie,1965,1975,congress
Alton R. Waldon,1985,1987,congress
Doug Walgren,1977,1991,congress
Mark Walker,2015,2019,congress
Robert S. Walker,1977,1997,congress
Malcolm Wallop,1977,1995,congress
Jackie Walorski,2013,2019,congress
James T. Walsh,1989,2009,congress
Joe Walsh,2011,2013,congress
John E. Walsh,2014,2015,congress
William F. Walsh,1973,1979,congress
Mimi Walters,2015,2019,congress
Timothy J. Walz,2007,2019,congress
Zach Wamp,1995,2011,congress
William C. Wampler,1953,1983,congress
Mike Ward,1995,1997,congress
John Warner,1979,2009,congress
Mark R. Warner,2009,2019,congress
Elizabeth Warren,2013,2019,congress
Harold Washington,1981,1985,congress
Debbie Wasserman Schultz,2005,2019,congress
Maxine Waters,1991,2019,congress
Wes Watkins,1977,2003,congress
Bonnie Watson Coleman,2015,2019,congress
Diane E. Watson,2001,2011,congress
Melvin L. Watt,1993,2014,congress
J. C. Watts,1995,2003,congress
Henry A. Waxman,1975,2015,congress
James H. Weaver,1975,1987,congress
Jim Webb,2007,2013,congress
Randy K. Weber,2013,2019,congress
Vin Weber,1981,1993,congress
Daniel Webster,2011,2019,congress
Lowell P. Weicker,1969,1989,congress
Anthony D. Weiner,1999,2011,congress
Ted Weiss,1977,1993,congress
Peter Welch,2007,2019,congress
Curt Weldon,1987,2007,congress
Dave Weldon,1995,2009,congress
Jerry Weller,1995,2009,congress
Paul D. Wellstone,1991,2002,congress
Brad R. Wenstrup,2013,2019,congress
Allen B. West,2011,2013,congress
Bruce Westerman,2015,2019,congress
Lynn A. Westmoreland,2005,2017,congress
Robert Wexler,1997,2010,congress
Robert A. Weygand,1997,2001,congress
Charles W. Whalen,1967,1979,congress
Alan Wheat,1983,1995,congress
Richard C. White,1965,1983,congress
Rick White,1995,1999,congress
Sheldon Whitehouse,2007,2019,congress
G. William Whitehurst,1969,1987,congress
Ed Whitfield,1995,2016,congress
Charles O. Whitley,1977,1987,congress
Bob Whittaker,1979,1991,congress
Jamie L. Whitten,1941,1995,congress
Roger F. Wicker,1995,2019,congress
William B. Widnall,1949,1975,congress
Charles E. Wiggins,1967,1979,congress
Harrison A. Williams,1953,1983,congress
Lawrence G. Williams,1967,1975,congress
Lyle Williams,1979,1985,congress
Pat Williams,1979,1997,congress
Roger Williams,2013,2019,congress
Charles Wilson,1973,1997,congress
Charles A. Wilson,2007,2011,congress
Charles H. Wilson,1963,1981,congress
Frederica S. Wilson,2011,2019,congress
Heather Wilson,1997,2009,congress
Joe Wilson,2001,2019,congress
Pete Wilson,1983,1993,congress
Robert C. Wilson,1953,1981,congress
Larry Winn,1967,1985,congress
Timothy Wirth,1975,1993,congress
Robert E. Wise,1983,2001,congress
Robert J. Wittman,2007,2019,congress
Harris Wofford,1991,1995,congress
Frank R. Wolf,1981,2015,congress
Lester L. Wolff,1965,1981,congress
Howard E. Wolpe,1979,1993,congress
Steve Womack,2011,2019,congress
Antonio B. Won Pat,1973,1985,congress
Rob Woodall,2011,2019,congress
Lynn C. Woolsey,1993,2013,congress
George C. Wortley,1981,1989,congress
James C. Wright,1955,1991,congress
David Wu,1999,2011,congress
Joe Wyatt,1979,1981,congress
Wendell Wyatt,1963,1975,congress
Ron Wyden,1981,2019,congress
John W. Wydler,1963,1981,congress
Chalmers P. Wylie,1967,1993,congress
Albert Russell Wynn,1993,2008,congress
John A. Yarmuth,2007,2019,congress
Sidney R. Yates,1949,1999,congress
Gus Yatron,1969,1993,congress
Kevin Yoder,2011,2019,congress
Ted S. Yoho,2013,2019,congress
Andrew Young,1973,1979,congress
C. W. Bill Young,1971,2013,congress
David Young,2015,2019,congress
Don Young,1973,2019,congress
Edward Young,1973,1975,congress
John Young,1957,1979,congress
Milton R. Young,1945,1981,congress
Robert A. Young,1977,1987,congress
Samuel H. Young,1973,1975,congress
Todd C. Young,2011,2019,congress
Clement J. Zablocki,1949,1985,congress
Leo C. Zeferetti,1975,1983,congress
Lee M. Zeldin,2015,2019,congress
William H. Zeliff,1991,1997,congress
Dick Zimmer,1991,1997,congress
Ryan K. Zinke,2015,2017,congress
Roger H. Zion,1967,1975,congress
Edward Zorinsky,1977,1989,congress
Edwin V. W. Zschau,1983,1987,congress